Учетный день,Количество гостей,"Сумма без скидки, р.","Средняя выручка с гостя, р."
01.10.2020,421,1356.64,3.19
02.10.2020,389,1238.60,3.15
03.10.2020,221,729.54,3.27
04.10.2020,109,339.01,3.07
05.10.2020,373,1177.09,3.12
06.10.2020,393,1161.12,2.87
07.10.2020,454,1478.65,3.18
08.10.2020,421,1397.12,3.26
09.10.2020,320,1002.55,3.09
10.10.2020,296,939.53,3.16
11.10.2020,137,468.50,3.38
12.10.2020,380,1192.59,3.09
13.10.2020,361,1102.04,2.94
14.10.2020,357,1154.05,3.14
15.10.2020,402,1250.12,3.09
16.10.2020,374,1175.55,2.99
17.10.2020,262,906.55,3.43
18.10.2020,108,354.51,3.25
19.10.2020,453,1424.60,2.91
20.10.2020,432,1360.11,3.09
21.10.2020,383,1185.61,3.07
22.10.2020,379,1178.57,3.03
23.10.2020,333,1053.58,3.12
24.10.2020,206,672.02,3.19
25.10.2020,96,353.02,3.66
26.10.2020,332,1071.06,3.19
27.10.2020,367,1158.06,3.05
28.10.2020,377,1158.58,2.94
29.10.2020,348,1073.62,2.97
30.10.2020,326,953.13,2.88
31.10.2020,213,820.50,3.33
01.11.2020,130,454.52,3.47
02.11.2020,341,1067.55,3.11
03.11.2020,327,992.56,2.95
04.11.2020,287,914.06,3.15
05.11.2020,327,1035.63,3.11
06.11.2020,304,969.00,3.17
07.11.2020,164,561.03,3.38
08.11.2020,101,372.51,3.65
09.11.2020,293,973.06,3.30
10.11.2020,364,1230.56,3.36
11.11.2020,309,975.58,3.14
12.11.2020,295,934.03,3.15
13.11.2020,324,1252.07,3.19
14.11.2020,171,551.52,3.19
15.11.2020,77,239.50,2.88
16.11.2020,285,901.58,3.05
17.11.2020,348,1065.51,2.74
18.11.2020,229,740.02,3.16
19.11.2020,268,815.58,3.00
20.11.2020,258,786.56,2.98
21.11.2020,171,548.02,3.18
22.11.2020,79,274.02,3.39
23.11.2020,283,844.51,2.95
24.11.2020,257,815.08,3.11
25.11.2020,269,885.06,3.27
26.11.2020,283,871.57,3.00
27.11.2020,458,1608.51,2.28
28.11.2020,162,521.52,3.12
29.11.2020,64,218.51,3.32
30.11.2020,311,855.09,2.68
01.12.2020,273,1002.13,3.59
02.12.2020,254,967.08,3.70
03.12.2020,224,856.10,3.67
04.12.2020,257,946.09,3.60
05.12.2020,138,607.06,4.25
06.12.2020,42,167.01,3.98
07.12.2020,244,932.05,3.76
08.12.2020,245,902.08,3.67
09.12.2020,212,786.10,3.60
10.12.2020,217,856.04,3.90
11.12.2020,233,847.06,3.49
12.12.2020,146,657.02,4.47
13.12.2020,65,235.02,3.49
14.12.2020,241,921.06,3.70
15.12.2020,249,1017.07,4.03
16.12.2020,220,863.08,3.84
17.12.2020,258,965.13,3.66
18.12.2020,226,910.07,3.93
19.12.2020,181,727.02,3.85
20.12.2020,61,242.00,3.87
21.12.2020,205,809.12,3.88
22.12.2020,229,893.07,3.81
23.12.2020,208,824.05,3.83
24.12.2020,282,1123.04,3.33
25.12.2020,95,385.01,3.79
26.12.2020,111,516.02,4.63
27.12.2020,84,359.01,4.20
28.12.2020,215,781.09,3.44
29.12.2020,216,864.02,3.80
30.12.2020,182,747.04,3.91
04.01.2021,172,626.06,3.56
05.01.2021,202,747.09,3.62
06.01.2021,243,1057.03,3.49
08.01.2021,134,551.02,3.97
09.01.2021,142,604.06,4.18
10.01.2021,46,190.00,4.09
11.01.2021,223,854.04,3.67
12.01.2021,226,858.06,3.66
13.01.2021,200,799.06,3.84
14.01.2021,205,822.04,3.87
15.01.2021,201,791.06,3.78
16.01.2021,117,495.02,4.04
17.01.2021,80,293.03,3.54
18.01.2021,177,700.07,3.78
19.01.2021,164,627.03,3.66
20.01.2021,197,782.08,3.82
21.01.2021,188,874.03,3.70
22.01.2021,217,865.04,3.89
23.01.2021,156,722.03,4.55
24.01.2021,54,234.00,3.93
25.01.2021,160,674.05,4.09
26.01.2021,151,584.01,3.73
27.01.2021,163,623.05,3.71
28.01.2021,184,730.05,3.85
29.01.2021,182,715.02,3.82
30.01.2021,139,551.00,3.85
31.01.2021,56,228.01,3.89
01.02.2021,182,683.07,3.67
02.02.2021,175,671.08,3.76
03.02.2021,180,698.07,3.78
04.02.2021,172,734.03,4.18
05.02.2021,206,807.09,3.82
06.02.2021,130,654.02,4.98
07.02.2021,72,283.01,3.79
08.02.2021,195,696.07,3.49
09.02.2021,205,757.10,3.62
10.02.2021,194,781.04,3.97
11.02.2021,172,716.01,4.03
12.02.2021,207,853.05,3.97
13.02.2021,140,619.07,4.35
14.02.2021,98,434.02,4.10
15.02.2021,211,871.12,3.95
16.02.2021,246,1017.09,4.01
17.02.2021,217,818.07,3.68
18.02.2021,253,1087.10,4.20
19.02.2021,213,897.03,4.05
20.02.2021,157,725.02,4.56
21.02.2021,81,337.03,4.11
22.02.2021,240,918.06,3.79
23.02.2021,220,866.05,3.86
24.02.2021,240,922.10,3.75
25.02.2021,230,967.05,4.14
26.02.2021,244,1023.07,4.11
27.02.2021,182,731.02,3.93
28.02.2021,84,335.02,3.89
01.03.2021,237,973.07,4.00
02.03.2021,233,966.07,3.94
03.03.2021,246,1033.04,3.90
04.03.2021,220,1040.09,4.50
05.03.2021,187,881.09,4.53
06.03.2021,146,766.04,5.04
07.03.2021,66,305.00,4.29
08.03.2021,54,272.01,4.82
09.03.2021,203,849.07,4.00
10.03.2021,243,970.05,3.95
11.03.2021,249,975.15,3.85
12.03.2021,223,900.02,3.85
13.03.2021,441,1896.04,4.24
14.03.2021,90,466.04,5.11
15.03.2021,256,976.06,3.77
16.03.2021,241,970.12,3.97
17.03.2021,235,940.09,3.95
18.03.2021,259,1019.09,3.88
19.03.2021,233,992.05,4.23
20.03.2021,154,655.07,4.21
21.03.2021,63,280.03,4.35
22.03.2021,291,1072.07,3.62
23.03.2021,282,1129.11,3.93
24.03.2021,294,1116.08,3.72
25.03.2021,257,1037.09,3.99
26.03.2021,322,1348.08,4.16
27.03.2021,198,854.03,4.23
28.03.2021,74,285.05,3.80
29.03.2021,259,1076.15,4.09
30.03.2021,285,1120.09,3.86
31.03.2021,315,1271.09,3.95
01.04.2021,269,1245.05,4.24
02.04.2021,252,1014.13,3.92
03.04.2021,163,703.10,4.28
04.04.2021,106,437.05,4.09
05.04.2021,242,939.03,3.81
06.04.2021,282,1179.02,4.06
07.04.2021,296,1204.11,3.96
08.04.2021,281,1152.14,4.01
09.04.2021,286,1143.10,3.90
10.04.2021,227,961.10,4.15
11.04.2021,97,419.03,4.27
12.04.2021,291,1165.11,3.92
13.04.2021,310,1265.10,4.04
14.04.2021,294,1192.08,4.03
15.04.2021,285,1179.13,4.03
16.04.2021,279,1241.05,4.35
17.04.2021,153,869.10,5.58
18.04.2021,112,500.06,4.41
19.04.2021,293,1282.16,4.29
20.04.2021,308,1196.12,3.78
21.04.2021,318,1291.12,3.99
22.04.2021,329,1382.14,4.11
23.04.2021,309,1233.15,3.83
24.04.2021,239,1134.07,4.60
25.04.2021,90,452.01,4.86
26.04.2021,284,1159.09,4.07
27.04.2021,303,1223.10,3.98
28.04.2021,328,1310.11,3.98
29.04.2021,323,1271.14,3.86
30.04.2021,308,1219.12,3.87
01.05.2021,121,527.02,4.27
02.05.2021,52,177.01,3.24
03.05.2021,264,1045.08,3.91
04.05.2021,312,1117.12,3.54
05.05.2021,343,1398.14,4.04
06.05.2021,335,1254.14,3.61
07.05.2021,280,1090.08,3.84
08.05.2021,175,702.06,3.92
09.05.2021,88,365.02,4.13
10.05.2021,115,427.03,3.66
11.05.2021,90,364.02,3.96
12.05.2021,338,1368.14,4.01
13.05.2021,304,1195.17,3.92
14.05.2021,342,1357.14,3.93
15.05.2021,212,802.11,3.72
16.05.2021,132,498.07,3.67
17.05.2021,288,1227.08,4.25
18.05.2021,347,1369.15,3.89
19.05.2021,355,1456.13,4.05
20.05.2021,341,1242.10,3.56
21.05.2021,374,1612.15,4.25
22.05.2021,229,1046.05,4.47
23.05.2021,98,418.03,4.17
24.05.2021,393,1533.08,3.88
25.05.2021,333,1431.05,4.28
26.05.2021,350,1494.12,4.22
27.05.2021,427,1688.09,3.92
28.05.2021,322,1237.06,3.77
29.05.2021,266,1275.10,4.75
30.05.2021,141,692.07,4.85
31.05.2021,373,1566.09,4.17
01.06.2021,356,1351.16,3.77
02.06.2021,360,1430.13,3.91
03.06.2021,381,1485.11,3.84
04.06.2021,327,1271.03,3.85
05.06.2021,201,894.04,4.40
06.06.2021,95,366.00,3.85
07.06.2021,307,1224.13,3.94
08.06.2021,338,1323.14,3.87
09.06.2021,321,1335.08,4.06
10.06.2021,342,1316.12,3.79
11.06.2021,323,1258.11,3.85
12.06.2021,218,909.09,4.13
13.06.2021,88,385.01,4.26
14.06.2021,314,1261.09,3.90
15.06.2021,331,1283.05,3.84
16.06.2021,341,1350.12,3.88
17.06.2021,289,1216.08,4.11
18.06.2021,334,1323.09,3.82
19.06.2021,144,639.03,4.40
20.06.2021,68,307.03,4.49
21.06.2021,275,1146.04,4.14
22.06.2021,251,963.05,3.79
23.06.2021,255,973.04,3.75
24.06.2021,220,844.05,3.76
25.06.2021,273,1014.03,3.66
26.06.2021,153,678.03,4.38
27.06.2021,61,254.00,4.09
28.06.2021,262,1083.11,4.12
29.06.2021,270,1055.08,3.86
30.06.2021,273,1159.08,4.19
01.07.2021,251,894.12,3.49
02.07.2021,174,699.09,3.97
03.07.2021,88,368.03,4.05
04.07.2021,73,309.02,4.09
05.07.2021,225,894.10,3.91
06.07.2021,232,932.08,3.96
07.07.2021,275,1122.08,4.04
08.07.2021,226,885.05,3.88
09.07.2021,239,976.15,4.04
10.07.2021,109,472.04,4.28
11.07.2021,62,272.05,4.36
12.07.2021,203,810.00,3.94
13.07.2021,219,898.06,4.05
14.07.2021,252,963.04,3.77
15.07.2021,267,1086.07,4.02
16.07.2021,232,916.07,3.89
17.07.2021,119,470.02,3.82
18.07.2021,69,317.04,4.39
19.07.2021,240,1019.03,4.17
20.07.2021,291,1178.14,3.95
21.07.2021,272,1132.04,4.10
22.07.2021,266,1157.07,4.27
23.07.2021,262,1073.10,4.00
24.07.2021,113,601.04,5.22
25.07.2021,57,258.03,4.47
26.07.2021,264,1075.08,4.02
27.07.2021,252,986.13,3.78
28.07.2021,243,960.08,3.92
29.07.2021,218,889.10,4.01
30.07.2021,214,933.63,4.17
31.07.2021,146,661.16,4.49
01.08.2021,67,347.11,5.11
02.08.2021,221,830.32,3.71
03.08.2021,246,973.29,3.91
04.08.2021,214,831.89,3.82
05.08.2021,183,773.09,4.19
06.08.2021,157,631.95,3.95
07.08.2021,110,453.31,3.99
08.08.2021,82,322.70,3.86
09.08.2021,236,972.66,4.08
10.08.2021,236,984.42,4.13
11.08.2021,228,911.76,3.96
12.08.2021,227,987.89,4.23
13.08.2021,208,800.85,3.78
14.08.2021,114,498.85,4.30
15.08.2021,82,402.22,4.71
16.08.2021,211,852.42,4.00
17.08.2021,203,789.23,3.84
18.08.2021,235,885.55,3.74
19.08.2021,273,1095.15,3.96
20.08.2021,245,931.05,3.73
21.08.2021,108,462.01,4.22
22.08.2021,82,335.04,4.02
23.08.2021,236,977.25,4.07
24.08.2021,269,1095.23,3.99
25.08.2021,239,1056.57,4.40
26.08.2021,320,1311.24,4.07
27.08.2021,277,1216.90,4.33
28.08.2021,137,564.43,4.08
29.08.2021,84,361.03,4.24
30.08.2021,262,1006.32,3.81
31.08.2021,318,1205.42,3.77
01.09.2021,409,1853.36,3.90
02.09.2021,385,1614.99,4.16
03.09.2021,371,1556.46,4.14
04.09.2021,195,850.07,4.34
05.09.2021,103,464.32,4.43
06.09.2021,429,1764.19,4.08
07.09.2021,395,1535.08,3.86
08.09.2021,382,1548.33,4.00
09.09.2021,409,1613.23,3.90
10.09.2021,384,1525.18,3.95
11.09.2021,222,984.09,4.40
12.09.2021,112,467.52,4.07
13.09.2021,394,1519.44,3.83
14.09.2021,416,1623.06,3.89
15.09.2021,353,1518.10,4.26
16.09.2021,414,1640.47,3.95
17.09.2021,356,1477.36,4.11
18.09.2021,212,856.35,4.01
19.09.2021,86,368.01,4.23
20.09.2021,382,1504.50,3.92
21.09.2021,324,1271.47,3.88
22.09.2021,374,1490.08,3.96
23.09.2021,351,1382.11,3.91
24.09.2021,356,1387.71,3.87
25.09.2021,215,939.05,4.31
26.09.2021,110,504.01,4.54
27.09.2021,404,1533.73,3.77
28.09.2021,369,1499.62,4.04
29.09.2021,391,1565.00,3.99
30.09.2021,396,1527.16,3.82
01.10.2021,400,1582.91,3.93
02.10.2021,211,820.40,3.84
03.10.2021,104,437.03,4.14
04.10.2021,382,1433.13,3.73
05.10.2021,362,1487.20,4.09
06.10.2021,391,1515.63,3.85
07.10.2021,410,1647.03,3.98
08.10.2021,379,1537.45,4.03
09.10.2021,276,1175.08,4.24
10.10.2021,131,555.00,4.20
11.10.2021,390,1496.61,3.82
12.10.2021,374,1466.62,3.90
13.10.2021,375,1513.44,4.02
14.10.2021,392,1600.61,4.07
15.10.2021,349,1392.26,3.99
16.10.2021,250,1070.04,4.25
17.10.2021,105,464.01,4.38
18.10.2021,340,1363.64,3.99
19.10.2021,364,1523.04,4.14
20.10.2021,300,1213.36,4.01
21.10.2021,341,1350.38,3.92
22.10.2021,317,1222.71,3.82
23.10.2021,233,978.09,4.18
24.10.2021,127,568.21,4.41
25.10.2021,328,1305.71,3.93
26.10.2021,383,1515.08,3.94
27.10.2021,346,1311.89,3.77
28.10.2021,330,1322.89,3.97
29.10.2021,363,1627.91,4.05
30.10.2021,219,985.64,4.46
31.10.2021,103,433.02,4.12
01.11.2021,308,1190.71,3.83
02.11.2021,338,1371.47,4.01
03.11.2021,307,1197.40,3.85
04.11.2021,307,1262.41,4.08
05.11.2021,333,1282.13,3.82
06.11.2021,273,1148.07,4.19
07.11.2021,117,505.04,4.27
08.11.2021,330,1221.05,3.67
09.11.2021,323,1280.44,3.94
10.11.2021,328,1298.19,3.90
11.11.2021,322,1276.14,3.92
12.11.2021,312,1340.04,4.25
13.11.2021,218,907.04,4.11
14.11.2021,115,528.04,4.51
15.11.2021,315,1198.97,3.74
16.11.2021,316,1252.26,3.90
17.11.2021,328,1313.43,3.92
18.11.2021,330,1376.14,4.07
19.11.2021,322,1355.98,4.14
20.11.2021,270,1252.87,4.59
21.11.2021,147,642.61,4.31
22.11.2021,365,1365.07,3.70
23.11.2021,353,1436.12,4.00
24.11.2021,374,1496.45,3.95
25.11.2021,387,1482.13,3.77
26.11.2021,332,1520.10,4.06
27.11.2021,323,1453.37,4.48
28.11.2021,139,555.03,3.95
29.11.2021,329,1225.13,3.67
30.11.2021,351,1445.38,4.05
01.12.2021,350,1526.16,4.31
02.12.2021,353,1616.14,4.51
03.12.2021,347,1548.13,4.39
04.12.2021,235,1024.10,4.31
05.12.2021,108,564.02,5.19
06.12.2021,329,1388.15,4.14
07.12.2021,328,1442.18,4.34
08.12.2021,354,1530.20,4.28
09.12.2021,317,1357.15,4.21
10.12.2021,323,1417.15,4.33
11.12.2021,215,1034.09,4.71
12.12.2021,87,456.01,5.15
13.12.2021,348,1524.08,4.32
14.12.2021,357,1553.09,4.18
15.12.2021,321,1424.09,4.27
16.12.2021,359,1604.12,4.31
17.12.2021,311,1391.08,4.27
18.12.2021,234,1047.09,4.39
19.12.2021,121,601.03,4.91
20.12.2021,344,1494.19,4.29
21.12.2021,319,1436.14,4.41
22.12.2021,326,1542.12,4.65
23.12.2021,328,1436.16,4.30
24.12.2021,310,1506.10,4.44
25.12.2021,140,670.04,4.69
27.12.2021,296,1338.17,4.48
28.12.2021,333,1446.16,4.25
29.12.2021,269,1220.09,4.48
30.12.2021,273,1216.10,4.41
03.01.2022,200,877.07,4.30
04.01.2022,287,1243.08,4.26
05.01.2022,306,1395.11,4.52
06.01.2022,242,1044.08,4.25
10.01.2022,322,1387.13,4.18
11.01.2022,278,1135.12,4.01
12.01.2022,274,1210.08,4.36
13.01.2022,269,1132.08,4.12
14.01.2022,247,1069.10,4.26
15.01.2022,207,989.03,4.72
17.01.2022,249,1091.08,4.32
18.01.2022,237,1051.05,4.32
19.01.2022,269,1186.11,4.33
20.01.2022,283,1165.12,4.02
21.01.2022,253,1109.06,4.29
22.01.2022,176,883.08,4.99
24.01.2022,209,881.07,4.17
25.01.2022,211,856.03,3.98
26.01.2022,220,947.04,4.26
27.01.2022,199,888.07,4.37
28.01.2022,184,787.06,4.22
29.01.2022,145,636.07,4.34
31.01.2022,187,825.08,4.35
01.02.2022,187,756.05,3.99
02.02.2022,179,728.07,4.02
03.02.2022,188,783.06,4.15
04.02.2022,192,746.11,3.86
05.02.2022,174,702.08,3.99
07.02.2022,215,886.11,4.07
08.02.2022,243,991.15,3.99
09.02.2022,242,1040.11,4.25
10.02.2022,225,985.05,4.36
11.02.2022,244,1246.02,4.36
12.02.2022,178,834.06,4.67
14.02.2022,260,1127.14,4.25
15.02.2022,256,1080.06,4.05
16.02.2022,275,1207.13,4.29
17.02.2022,246,1071.14,4.26
18.02.2022,260,1134.09,4.24
19.02.2022,198,927.04,4.61
21.02.2022,268,1187.08,4.15
22.02.2022,290,1208.13,3.89
23.02.2022,289,1271.06,4.22
24.02.2022,264,1089.12,3.93
25.02.2022,245,1104.14,4.35
26.02.2022,212,1052.09,4.73
28.02.2022,270,1070.14,3.92
01.03.2022,264,1099.15,4.12
02.03.2022,269,1111.19,4.09
03.03.2022,254,1114.08,4.36
04.03.2022,207,889.03,4.25
05.03.2022,192,862.07,4.43
07.03.2022,150,626.11,4.12
09.03.2022,277,1108.16,3.96
10.03.2022,263,1069.15,4.03
11.03.2022,246,1059.13,4.22
12.03.2022,197,892.05,4.46
14.03.2022,323,1308.08,4.02
15.03.2022,305,1385.10,4.50
16.03.2022,326,1314.13,4.00
17.03.2022,335,1395.09,4.12
18.03.2022,316,1419.12,4.46
19.03.2022,224,1069.08,4.75
21.03.2022,354,1479.14,4.15
22.03.2022,347,1500.20,4.29
23.03.2022,330,1415.10,4.24
24.03.2022,319,1317.20,4.08
25.03.2022,305,1215.16,3.94
26.03.2022,208,997.08,4.77
28.03.2022,297,1267.20,4.25
29.03.2022,314,1371.15,4.32
30.03.2022,315,1369.20,4.30
31.03.2022,294,1216.10,4.09
01.04.2022,299,1289.20,4.27
02.04.2022,218,953.11,4.33
04.04.2022,316,1327.15,4.18
05.04.2022,271,1123.17,4.11
06.04.2022,323,1293.15,3.96
07.04.2022,329,1436.20,4.33
08.04.2022,307,1279.11,4.13
09.04.2022,207,972.09,4.67
11.04.2022,350,1436.15,4.08
12.04.2022,338,1401.11,4.11
13.04.2022,312,1290.22,4.10
14.04.2022,354,1521.17,4.25
15.04.2022,287,1291.13,4.50
16.04.2022,208,974.11,4.66
18.04.2022,349,1578.11,4.44
19.04.2022,279,1238.15,4.34
20.04.2022,294,1329.16,4.46
21.04.2022,340,1537.14,4.46
22.04.2022,275,1197.18,4.26
23.04.2022,161,723.03,4.40
25.04.2022,307,1200.20,3.89
26.04.2022,333,1351.13,4.01
27.04.2022,353,1538.10,4.31
28.04.2022,342,1602.14,4.64
29.04.2022,288,1331.08,4.57
30.04.2022,128,605.06,4.66
02.05.2022,123,509.11,4.10
04.05.2022,352,1459.19,4.10
05.05.2022,347,1506.19,4.30
06.05.2022,305,1246.16,4.07
07.05.2022,195,844.11,4.29
10.05.2022,350,1430.17,4.07
11.05.2022,366,1584.08,4.31
12.05.2022,334,1488.11,4.43
13.05.2022,347,1513.17,4.32
14.05.2022,233,1209.62,5.15
16.05.2022,363,1739.17,4.74
17.05.2022,301,1545.68,5.05
18.05.2022,329,1415.69,4.22
19.05.2022,348,1717.63,4.82
20.05.2022,311,1507.65,4.78
21.05.2022,186,1028.05,5.48
23.05.2022,320,1455.17,4.50
24.05.2022,337,1649.10,4.85
25.05.2022,323,1555.62,4.77
26.05.2022,334,1649.70,4.88
27.05.2022,300,1490.64,4.93
28.05.2022,200,1065.58,5.24
30.05.2022,265,1305.17,4.87
31.05.2022,341,1541.76,4.48
01.06.2022,292,1484.13,5.04
02.06.2022,308,1506.68,4.83
03.06.2022,277,1366.67,4.90
04.06.2022,138,714.05,5.13
06.06.2022,262,1307.11,4.96
07.06.2022,278,1305.64,4.63
08.06.2022,255,1230.06,4.77
09.06.2022,273,1350.65,4.92
10.06.2022,263,1331.09,5.05
11.06.2022,175,812.60,4.60
13.06.2022,290,1331.13,4.50
14.06.2022,248,1195.58,4.77
15.06.2022,281,1359.15,4.75
16.06.2022,263,1311.06,4.92
17.06.2022,271,1329.06,4.86
18.06.2022,182,937.56,5.07
20.06.2022,244,1160.58,4.74
21.06.2022,300,1413.66,4.67
22.06.2022,282,1343.63,4.71
23.06.2022,273,1329.59,4.82
24.06.2022,281,1298.66,4.54
25.06.2022,152,743.09,4.85
27.06.2022,237,1073.67,4.47
28.06.2022,259,1220.57,4.68
29.06.2022,232,1117.60,4.76
30.06.2022,235,1179.07,5.00
01.07.2022,219,1139.56,5.14
02.07.2022,145,663.08,4.54
04.07.2022,195,904.14,4.60
05.07.2022,261,1237.59,4.71
06.07.2022,165,776.05,4.63
07.07.2022,209,992.56,4.70
08.07.2022,180,834.05,4.56
09.07.2022,135,767.05,5.61
11.07.2022,219,999.11,4.52
12.07.2022,178,830.09,4.61
13.07.2022,215,1028.16,4.74
14.07.2022,234,1199.50,5.10
15.07.2022,197,1030.00,5.19
16.07.2022,141,717.50,5.08
18.07.2022,210,1070.50,5.08
19.07.2022,203,1021.50,4.98
20.07.2022,215,1137.50,5.25
21.07.2022,181,916.00,5.02
22.07.2022,202,993.50,4.87
23.07.2022,132,648.50,4.89
25.07.2022,224,1131.00,5.01
26.07.2022,193,960.00,4.96
27.07.2022,201,994.50,4.93
28.07.2022,211,955.00,4.49
29.07.2022,196,986.00,4.99
30.07.2022,116,531.50,4.54
01.08.2022,214,991.50,4.61
02.08.2022,214,1104.50,5.15
03.08.2022,198,966.00,4.83
04.08.2022,193,945.50,4.87
05.08.2022,198,982.50,4.93
06.08.2022,104,549.00,5.22
08.08.2022,171,779.00,4.49
09.08.2022,179,928.50,5.17
10.08.2022,170,799.50,4.69
11.08.2022,186,1010.00,5.39
12.08.2022,177,864.50,4.86
13.08.2022,91,464.50,5.04
15.08.2022,177,840.00,4.73
16.08.2022,209,1044.50,4.96
17.08.2022,187,939.00,5.00
18.08.2022,191,885.50,4.62
19.08.2022,195,975.00,4.98
20.08.2022,129,692.00,5.30
22.08.2022,198,961.00,4.84
23.08.2022,204,1005.00,4.91
24.08.2022,178,879.50,4.93
25.08.2022,226,1083.00,4.77
26.08.2022,194,912.50,4.65
27.08.2022,100,500.00,4.96
29.08.2022,210,1091.00,5.15
30.08.2022,263,1290.50,4.87
31.08.2022,251,1242.00,4.92
01.09.2022,303,1464.50,4.75
02.09.2022,278,1299.00,4.66
03.09.2022,180,897.00,4.96
05.09.2022,317,1552.00,4.88
06.09.2022,291,1417.00,4.84
07.09.2022,281,1378.00,4.86
08.09.2022,302,1500.00,4.91
09.09.2022,300,1509.00,5.00
10.09.2022,165,852.00,5.14
12.09.2022,263,1191.00,4.50
13.09.2022,291,1512.50,5.16
14.09.2022,324,1571.50,4.81
15.09.2022,333,1588.50,4.73
16.09.2022,330,1637.50,4.92
17.09.2022,164,844.50,5.12
19.09.2022,297,1462.00,4.88
20.09.2022,313,1479.00,4.70
21.09.2022,318,1628.00,5.07
22.09.2022,283,1464.00,5.11
23.09.2022,287,1354.00,4.67
24.09.2022,221,1177.00,5.29
26.09.2022,322,1559.50,4.82
27.09.2022,299,1515.50,5.04
28.09.2022,280,1381.00,4.89
29.09.2022,241,1158.50,4.80
30.09.2022,323,1638.00,5.02
01.10.2022,164,856.50,5.20
03.10.2022,224,1134.00,5.02
04.10.2022,282,1447.00,5.09
05.10.2022,247,1260.00,5.07
06.10.2022,284,1440.50,5.06
07.10.2022,276,1350.50,4.86
08.10.2022,185,973.50,5.24
10.10.2022,328,1508.50,4.58
11.10.2022,307,1556.50,4.92
12.10.2022,300,1431.00,4.56
13.10.2022,276,1276.00,4.50
14.10.2022,269,1308.50,4.66
15.10.2022,194,1007.00,5.07
17.10.2022,271,1290.50,4.70
18.10.2022,265,1296.00,4.75
19.10.2022,378,2075.50,4.66
20.10.2022,269,1318.00,4.76
21.10.2022,315,1602.50,4.97
22.10.2022,225,1205.00,5.30
24.10.2022,273,1373.00,4.83
25.10.2022,272,1367.00,4.91
26.10.2022,297,1479.50,4.76
27.10.2022,261,1371.35,5.03
28.10.2022,264,1281.10,4.67
29.10.2022,165,944.00,5.58
30.10.2022,92,471.50,5.04
31.10.2022,278,1365.35,4.69
01.11.2022,265,1336.50,4.83
02.11.2022,239,1178.15,4.65
03.11.2022,249,1131.30,4.32
04.11.2022,255,1271.85,4.81
05.11.2022,210,1165.60,5.49
06.11.2022,76,427.80,5.60
07.11.2022,50,241.00,4.71
08.11.2022,268,1247.70,4.48
09.11.2022,263,1235.20,4.56
10.11.2022,244,1171.55,4.56
11.11.2022,289,1413.25,4.73
12.11.2022,165,928.55,5.47
13.11.2022,74,427.90,5.53
14.11.2022,272,1359.05,4.89
15.11.2022,249,1255.50,4.97
16.11.2022,258,1289.50,4.85
17.11.2022,296,1506.05,4.86
18.11.2022,291,1538.95,5.12
19.11.2022,201,1242.55,5.98
20.11.2022,55,296.50,5.23
21.11.2022,233,1147.75,4.81
22.11.2022,293,1456.05,4.74
23.11.2022,253,1316.30,4.99
24.11.2022,236,1220.15,4.93
25.11.2022,235,1308.90,5.35
26.11.2022,195,1086.65,5.37
27.11.2022,77,436.95,5.54
28.11.2022,247,1255.30,4.82
29.11.2022,223,1147.90,4.82
30.11.2022,241,1256.60,5.00
01.12.2022,226,1106.90,4.58
02.12.2022,243,1295.50,5.08
03.12.2022,157,892.50,5.58
04.12.2022,55,253.10,4.51
05.12.2022,254,1268.40,4.73
06.12.2022,209,1174.80,5.41
07.12.2022,208,1255.63,5.89
08.12.2022,241,1334.83,5.31
09.12.2022,239,1331.80,5.43
10.12.2022,160,979.03,5.88
11.12.2022,54,299.00,5.31
12.12.2022,220,1263.93,5.56
13.12.2022,179,982.42,5.24
14.12.2022,221,1187.07,5.04
15.12.2022,239,1286.37,5.06
16.12.2022,222,1290.86,5.38
17.12.2022,93,529.79,5.54
18.12.2022,65,383.34,5.64
19.12.2022,201,1160.89,5.38
20.12.2022,195,1125.36,5.56
21.12.2022,183,1033.08,5.45
22.12.2022,188,1054.98,5.29
23.12.2022,218,1271.76,5.66
24.12.2022,138,788.66,5.44
25.12.2022,55,371.68,6.58
26.12.2022,193,1000.07,4.77
27.12.2022,187,1035.12,5.32
28.12.2022,209,1127.50,5.15
29.12.2022,183,1066.49,5.54
30.12.2022,145,827.98,5.51
03.01.2023,128,685.58,5.11
04.01.2023,157,852.40,5.03
05.01.2023,155,830.59,5.10
06.01.2023,188,1098.21,5.56
08.01.2023,56,333.79,5.75
09.01.2023,176,982.25,5.40
10.01.2023,186,1024.03,5.29
11.01.2023,200,1059.86,5.10
12.01.2023,173,978.00,5.49
13.01.2023,193,1087.78,5.36
14.01.2023,127,696.48,5.35
15.01.2023,53,317.63,5.80
16.01.2023,195,1084.63,5.43
17.01.2023,207,1132.34,5.24
18.01.2023,195,1100.06,5.38
19.01.2023,190,1028.48,5.13
20.01.2023,207,1215.20,5.71
21.01.2023,113,711.76,6.15
22.01.2023,50,307.58,5.87
23.01.2023,190,1015.63,5.12
24.01.2023,226,1286.47,5.58
25.01.2023,221,1245.33,5.45
26.01.2023,206,1197.17,5.65
27.01.2023,185,1098.02,5.68
28.01.2023,130,817.20,6.12
29.01.2023,51,260.00,4.67
30.01.2023,153,834.49,5.30
31.01.2023,173,905.13,5.00
01.02.2023,190,1059.72,5.37
02.02.2023,172,994.68,5.54
03.02.2023,179,1003.49,5.38
04.02.2023,134,752.73,5.43
05.02.2023,49,299.00,5.94
06.02.2023,168,906.05,5.23
07.02.2023,183,991.26,5.15
08.02.2023,197,1090.06,5.22
09.02.2023,229,1197.40,4.97
10.02.2023,188,1082.02,5.46
11.02.2023,141,762.68,5.22
12.02.2023,60,303.37,4.92
13.02.2023,211,1188.92,5.38
14.02.2023,189,1092.45,5.35
15.02.2023,249,1388.83,5.35
16.02.2023,237,1299.30,5.30
17.02.2023,219,1256.64,5.42
18.02.2023,158,946.91,5.75
19.02.2023,71,384.23,5.17
20.02.2023,201,1107.14,5.31
21.02.2023,210,1097.13,4.87
22.02.2023,247,1341.66,5.22
23.02.2023,220,1144.34,5.13
24.02.2023,191,1051.64,5.31
25.02.2023,123,683.23,5.47
26.02.2023,54,369.34,6.74
27.02.2023,177,956.56,5.13
28.02.2023,204,1090.99,5.16
01.03.2023,208,1294.70,5.93
02.03.2023,189,1007.64,5.13
03.03.2023,195,1157.31,5.65
04.03.2023,135,799.68,5.76
05.03.2023,55,351.88,6.05
06.03.2023,187,992.32,5.12
07.03.2023,202,1028.43,4.92
08.03.2023,67,376.83,5.62
09.03.2023,227,1194.96,5.09
10.03.2023,172,957.56,5.37
11.03.2023,142,936.09,6.45
12.03.2023,70,407.23,5.49
13.03.2023,195,1127.96,5.54
14.03.2023,203,1072.13,5.00
15.03.2023,177,1007.32,5.51
16.03.2023,228,1244.56,5.31
17.03.2023,198,1065.10,5.16
18.03.2023,153,874.31,5.51
19.03.2023,58,295.66,4.96
20.03.2023,243,1339.31,5.28
21.03.2023,249,1403.47,5.31
22.03.2023,237,1321.17,5.34
23.03.2023,262,1448.96,5.27
24.03.2023,227,1266.27,5.43
25.03.2023,158,951.84,5.80
26.03.2023,63,425.00,6.39
27.03.2023,269,1558.76,5.58
28.03.2023,185,978.65,5.05
29.03.2023,227,1265.70,5.39
30.03.2023,231,1245.95,5.16
31.03.2023,237,1355.80,5.56